{"cameraMode":{"drawMode":0,"name":"Shaded","section":"Shading Mode"},"sceneLighting":true,"audioPlay":false,"sceneViewState":{"m_AlwaysRefresh":false,"showFog":true,"showSkybox":true,"showFlares":true,"showImageEffects":true,"showParticleSystems":true,"showVisualEffectGraphs":true,"m_FxEnabled":true},"in2DMode":false,"pivot":{"x":-0.017090678215026857,"y":-0.8623509407043457,"z":1.3653185367584229},"rotation":{"x":0.3170851171016693,"y":0.23286932706832887,"z":-0.08062615990638733,"w":0.9158297777175903},"size":2.485509157180786,"orthographic":false}